question, context, answer, keywords, category, intent
"How can I prevent crop damage from pests?", "crop cultivation", "There are several strategies for preventing crop damage from pests, including crop rotation, companion planting, and using natural pest control methods such as insect-repelling plants or biological controls like ladybugs or praying mantises.", "crop damage, pests, prevention, strategies", "crop cultivation", "know how"
"What is the market price for avocados?", "avocados", "The market price for avocados varies depending on factors such as supply and demand, seasonality, and geographic location. You can check current prices online or contact local wholesalers or distributors for more information.", "market price, avocados, current prices, wholesalers, distributors", "market related", "clear a doubt"
"What is the best way to care for an African fat-tailed gecko?", "african fat-tailed gecko", "The best way to care for an African fat-tailed gecko is to provide it with a suitable enclosure that includes a heat source, UV lighting, and appropriate substrate for digging and hiding. They should also be fed a varied diet of insects and other small prey.", "African fat-tailed gecko, care, enclosure, heat source, UV lighting, substrate, diet, insects, prey", "livestock keeping", "know how"
"What are the main crops grown in my region?", "my region, crops", "The main crops grown in your region will depend on factors such as climate, soil type, and market demand. You can check with local agricultural agencies or do online research to find out more.", "crops, region, agriculture, agencies, research", "crop cultivation", "clear a doubt"
"What are the best ways to prepare and cook asparagus?", "asparagus", "Asparagus can be prepared in a variety of ways, such as grilling, roasting, or sautéing. It should be trimmed and washed before cooking, and can be seasoned with herbs, spices, or sauces to enhance the flavor.", "asparagus, preparation, cooking, grilling, roasting, sautéing, seasoning, herbs, spices, sauces, flavor", "consumer questions", "know how"
"What are the current trends in agricultural trade?", "agricultural trade", "Current trends in agricultural trade include an increased focus on sustainable and locally sourced food, as well as growing demand for organic and non-GMO products. Trade policies and global supply chains also play a role in shaping the market.", "agricultural trade, trends, sustainable food, local food, organic, non-GMO, trade policies, global supply chains", "market related", "get insights"
"What is the impact of climate change on crop yields?", "climate change, crop yields", "Climate change can have a significant impact on crop yields, as changing weather patterns and extreme weather events can damage crops and disrupt growing seasons. Adaptation measures such as crop breeding and management practices can help mitigate these impacts.", "climate change, crop yields, weather patterns, extreme weather, adaptation, crop breeding, management practices, mitigate", "weather queries", "get insights"
"How can I find local farmers markets in my area?", "local farmers markets", "You can find local farmers markets in your area by doing an online search or using a directory such as Local Harvest or the USDA Farmers Market Directory. You can also ask at your local co-op or natural foods store for recommendations.", "local farmers markets, area, online search, directory, Local Harvest, USDA, co-op, natural foods store, recommendations", "consumer questions", "know where"
"Can you recommend crops that grow well in hot and dry conditions?","climate trends in my area","Some crops that are drought-resistant and thrive in hot conditions include sorghum, millet, and cowpeas.","drought-resistant, hot, crops","crop cultivation","know what"
"What are some common diseases that affect chickens?","chicken","Some common chicken diseases include avian influenza, coccidiosis, and infectious bronchitis.","diseases, chickens","livestock keeping","know what"
"How can I find local farmers markets in my area?","local farmers markets","You can use online directories like LocalHarvest or search for farmers markets on community bulletin boards and social media.","local, farmers markets","market related","know how"
"What is the average price of corn per bushel?","grain market outlook","The average price of corn per bushel varies depending on factors like supply and demand, but as of February 2023, it is around $6.20.","corn, price, bushel","market related","know what"
"What are some sustainable agriculture practices that farmers can use to reduce environmental impact?","consumer preferences for sustainable agriculture","Some sustainable agriculture practices include crop rotation, integrated pest management, and conservation tillage.","sustainable agriculture, practices","crop cultivation","know what"
"What is the difference between cottonseed and cottonseed oil?","cottonseed","Cottonseed is the seed of the cotton plant, while cottonseed oil is the oil that is extracted from the seed. Cottonseed oil is used in cooking and food production.","cottonseed, cottonseed oil, cooking","crop cultivation","know what"
"What are some crops that can be grown hydroponically?","hydroponics","Hydroponic farming allows for the cultivation of a wide variety of crops, including lettuce, tomatoes, strawberries, and herbs.","hydroponic farming, crops","crop cultivation","know what"
"How do hurricanes impact agriculture in coastal regions?","hurricane tracking","Hurricanes can cause significant damage to crops and farmland in coastal regions, leading to crop loss and increased food prices.","hurricanes, agriculture, coastal regions","weather queries","know what"
"What is the role of the USDA in the U.S. agricultural industry?","agricultural agencies","The USDA (United States Department of Agriculture) is responsible for overseeing and regulating various aspects of the U.S. agricultural industry, including food safety, crop insurance, and farm subsidies.","USDA, agricultural industry, regulation","agricultural agencies","know what"
"What are some common pests that affect apple trees?","apples","Some common pests that affect apple trees include apple maggot flies, codling moths, and apple tree borers.","apple trees, pests","crop cultivation","know what"
"What is the difference between alpacas and llamas?","alpaca","Alpacas are smaller and have finer fleece than llamas. Llamas are often used as pack animals and for meat, while alpacas are primarily raised for their fiber.","alpacas, llamas, fleece, meat","livestock keeping","know what"
"What is the optimal temperature range for growing asparagus?" ,"asparagus","Asparagus grows best at temperatures between 20 and 30 degrees Celsius.","optimal temperature, asparagus","crop cultivation","know what"
"How do I prevent frost damage to my crops?" ,"frost and freeze warnings","Frost damage can be prevented by covering plants with cloth or plastic overnight or irrigating the crops before the frost hits to create a protective ice layer.","prevent frost damage, crops","crop cultivation","know how"

"What is the difference between cashmere and regular wool?" ,"cashmere","Cashmere comes from the fine, downy undercoat of a specific breed of goat, while wool comes from the fleece of sheep or lamb.","cashmere, wool, difference","livestock keeping","know what"

"What are some common types of agricultural subsidies?" ,"agricultural agencies","Common types of agricultural subsidies include direct payments, crop insurance subsidies, and price support programs.","agricultural subsidies, types","agricultural agencies","know what"

"What are the benefits of using drip irrigation?" ,"irrigation scheduling based on weather conditions","Drip irrigation saves water, reduces soil erosion, and allows for precise control over the amount of water plants receive.","benefits, drip irrigation","crop cultivation","know what"

"What is the impact of climate change on crop production?" ,"climate trends in my area","Climate change can cause extreme weather events such as droughts and floods, which can lead to crop failures and reduced crop yields.","climate change, crop production","weather queries","know what"

"What is the difference between organic and conventional farming?" ,"consumer preferences for sustainable agriculture","Organic farming avoids the use of synthetic fertilizers and pesticides, while conventional farming uses them. Organic farming also places more emphasis on soil health and biodiversity.","organic farming, conventional farming, difference","consumer questions","know what"

"How can I attract pollinators to my garden?" ,"bees","Planting a variety of flowering plants, using native species, and avoiding pesticides can all help to attract pollinators to a garden.","attract pollinators, garden","crop cultivation","know how"

"What are the current market prices for corn?" ,"corn","As of March 5th, 2023, the current market price for corn is $5.22 per bushel.","current market prices, corn","market related","clear a doubt"

"What are the nutritional benefits of almonds?" ,"almonds","Almonds are high in healthy monounsaturated fats, fiber, protein, and various important nutrients like vitamin E and magnesium.","nutritional benefits, almonds","consumer questions","know what"
What is the best way to prevent crop damage from pests?, crop cultivation, There are several ways to prevent crop damage from pests, including crop rotation, use of pesticides, and biological control., prevent, crop cultivation, know how
What are the benefits of using organic farming methods?, crop cultivation, Organic farming methods have several benefits, such as improving soil fertility, reducing pollution and promoting biodiversity., organic farming, crop cultivation, know why
What is the recommended temperature range for growing tomatoes?, crop cultivation, The recommended temperature range for growing tomatoes is between 60°F and 90°F., tomatoes, crop cultivation, know what
What are the common breeds of chickens used for egg production?, livestock keeping, Common breeds of chickens used for egg production include Leghorn, Rhode Island Red, and Plymouth Rock., chickens, livestock keeping, know what
What are the common health issues that affect cattle?, livestock keeping, Common health issues that affect cattle include respiratory diseases, foot and mouth disease, and brucellosis., cattle, livestock keeping, know what
What is the difference between a farmer's market and a grocery store?, market related, A farmer's market is a place where local farmers can sell their produce directly to consumers, while a grocery store is a retail store that sells food and household items., farmer's market, grocery store, market related, know what
What is the current price of wheat per bushel?, market related, The current price of wheat per bushel varies depending on several factors, such as supply and demand, weather conditions, and global market trends., wheat, market related, know what
How can I prepare my farm for a drought?, weather queries, Some ways to prepare a farm for a drought include conserving water, planting drought-resistant crops, and implementing soil conservation practices., drought, weather queries, know how
What are the roles of the United States Department of Agriculture (USDA) in agriculture?, agricultural agencies, The United States Department of Agriculture (USDA) has several roles in agriculture, such as promoting agricultural trade, ensuring food safety, and providing financial assistance to farmers., USDA, agriculture, agricultural agencies, know what
What are the health benefits of consuming locally sourced food?, consumer questions, Consuming locally sourced food has several health benefits, such as providing fresher and more nutritious produce and reducing exposure to harmful pesticides., locally sourced food, health benefits, consumer questions, know why
What is precision agriculture?, general questions, Precision agriculture is a farming technique that uses technology, such as sensors and GPS, to optimize crop production and reduce waste., precision agriculture, general questions, know what
"What are the best ways to prevent crop damage?", "crop cultivation", "There are many ways to prevent crop damage, including using pesticides, implementing crop rotation, and using natural pest control methods.", "crop damage, prevent, pesticides, crop rotation, natural pest control", "crop cultivation", "know how"
"What is the market price for cashew nuts?", "cashew nuts", "The market price for cashew nuts varies depending on the region and the quality of the nuts. It is recommended to check with local suppliers or market reports for the most accurate pricing information.", "market price, cashew nuts, region, quality, suppliers, market reports", "market related", "clear a doubt"
"How can I keep my livestock healthy?", "livestock keeping", "Keeping livestock healthy involves providing them with proper nutrition, clean water, shelter, and medical care when necessary. Regular check-ups with a veterinarian can also help ensure the health of your animals.", "livestock, healthy, nutrition, water, shelter, medical care, veterinarian", "livestock keeping", "know how"
"What is the climate trend in my area?", "climate trends in my area", "To determine the climate trends in your area, you can consult local weather reports or online climate databases. These resources can provide information on average temperatures, precipitation levels, and other climate-related data.", "climate trend, area, local weather reports, online climate databases, temperature, precipitation, climate-related data", "weather queries", "know how"
"What are the benefits of sustainable agriculture?", "consumer preferences for sustainable agriculture", "Sustainable agriculture has many benefits, including reduced environmental impact, improved soil health, and increased biodiversity. It can also lead to healthier food options for consumers and more resilient farming communities.", "benefits, sustainable agriculture, reduced environmental impact, soil health, biodiversity, healthier food options, resilient farming communities", "consumer questions", "get insights"
"What is the role of agricultural agencies in promoting farming?", "agricultural agencies", "Agricultural agencies play a critical role in promoting and supporting farming activities. They provide farmers with technical assistance, access to financial resources, and help facilitate market opportunities for their products.", "agricultural agencies, promoting, supporting, farming activities, technical assistance, financial resources, market opportunities, products", "agricultural agencies", "know why"
"How can I prepare my farm for a cold snap?", "cold snap warnings", "To prepare your farm for a cold snap, you can take steps such as insulating buildings, protecting plants with coverings or blankets, and ensuring that animals have access to warm shelter and water. It's also important to have a plan in place in case of power outages or other emergencies.", "prepare, farm, cold snap, insulate, buildings, protect, plants, coverings, blankets, animals, warm shelter, water, plan, power outages, emergencies", "weather queries", "know how"
"What are the most popular crops in my region?", "current crop prices", "The most popular crops in your region may vary depending on a variety of factors, such as climate, soil conditions, and market demand. To determine the most popular crops, you can consult with local agricultural extension offices or market reports.", "popular crops, region, climate, soil conditions, market demand, agricultural extension offices, market reports", "crop cultivation", "clear a doubt"
What are the best crops to grow in a hot and dry climate?,crop cultivation,Crops that can tolerate hot and dry conditions are best such as sorghum, millet, and maize.,hot, dry, climate, crops,crop cultivation,know what
How can I improve the fertility of my soil?,crop cultivation,You can add organic matter, such as compost or manure, to your soil to improve its fertility. You can also rotate crops and use cover crops.,fertility, soil, improve, organic matter, compost, manure, crop rotation, cover crops,crop cultivation,know how
What are the symptoms of a sick cow?,livestock keeping,The symptoms of a sick cow include reduced appetite, fever, lethargy, and abnormal discharge from the eyes or nose.,sick, cow, symptoms, reduced appetite, fever, lethargy, abnormal discharge,livestock keeping,know what
How often should I milk my cows?,livestock keeping,You should milk your cows twice a day, typically in the morning and evening.,milk, cows, twice a day,livestock keeping,know how
What is the current price of maize per kilogram in the local market?,market related,The current price of maize per kilogram in the local market is 50 cents.,maize, price, per kilogram, local market,market related,know what
What will the weather be like tomorrow?,weather queries,I'm sorry, I cannot answer that question as I do not have access to real-time weather data.,weather, tomorrow,weather queries,clear a doubt
What is the function of the Ministry of Agriculture?,agricultural agencies,The Ministry of Agriculture is responsible for the development and implementation of policies related to agriculture, livestock, and fisheries.,Ministry of Agriculture, function, policies, agriculture, livestock, fisheries,agricultural agencies,know what
How do I file a complaint with the Department of Agriculture?,agricultural agencies,You can file a complaint with the Department of Agriculture by contacting their customer service hotline or visiting their website to fill out a complaint form.,complaint, Department of Agriculture, customer service hotline, website, complaint form,agricultural agencies,know how
Is it safe to eat vegetables grown using pesticides?,consumer questions,If used properly, pesticides can be safe for human consumption. However, it is important to wash vegetables thoroughly before eating them to remove any pesticide residues.,vegetables, pesticides, safe, consumption, wash, residues,consumer questions,know what
What is the difference between organic and non-organic farming?,general questions,Organic farming does not use synthetic pesticides or fertilizers, while non-organic farming may use these inputs. Organic farming also emphasizes soil health and biodiversity.,organic farming, non-organic farming, synthetic, pesticides, fertilizers, soil health, biodiversity,general questions,know what

